,QUANTIDADE,FREQUENCIA REL (%),ACUMULADO (%)
D,80,40.0,40.0
C,55,27.500000000000004,67.5
E,25,12.5,80.0
B,20,10.0,90.0
A,10,5.0,95.0
G,7,3.5000000000000004,98.5
F,3,1.5,100.0
